{"branches": 94.11764705882352, "coverage": 96.32883589582678}