{"branches": 94.20289855072464, "coverage": 96.34660421545668}